method,gene,truth_cosine,predicted_cosine,predicted_cosine_range_matched,truth_label,predicted_label
GRAVITY,CDK1,-0.846030818,0.022717374658364185,-0.002335079941040097,Destabilizing,Neutral
GRAVITY,RTKN2,-0.724452429,-0.5254403614555435,-0.687095099337695,Destabilizing,Destabilizing
GRAVITY,MELK,-0.422408521,-0.6259760048112101,-0.8126844772826882,Neutral,Destabilizing
GRAVITY,AURKB,-0.797834383,-0.4370926844939933,-0.5767309595944055,Destabilizing,Destabilizing
GRAVITY,STIL,-0.865906607,-0.37863843854312995,-0.5037097688785777,Destabilizing,Destabilizing
GRAVITY,KIF15,-0.743049419,-0.44011467919805974,-0.5805060429615462,Destabilizing,Destabilizing
GRAVITY,HIST1H4C,-0.662274839,-0.15942013512214417,-0.22986171418020773,Destabilizing,Neutral
GRAVITY,ILF2,0.51317901,-0.08040612349092963,-0.13115721258770496,Cooperative,Neutral
GRAVITY,KLF6,-0.168814097,0.3085098521879779,0.3546776001024463,Neutral,Neutral
GRAVITY,H1FX,-0.662030653,-0.06897378395485484,-0.11687590535309367,Destabilizing,Neutral
GRAVITY,STMN1,-0.815884385,0.08794285509349442,0.0791447538829868,Destabilizing,Neutral
GRAVITY,CKAP2L,-0.680665514,-0.46105891151958406,-0.6066696305310826,Destabilizing,Destabilizing
GRAVITY,KIF18B,-0.781921456,-0.3007767705127276,-0.40644477780368204,Destabilizing,Neutral
GRAVITY,USP13,0.24493054,-0.4083757348507477,-0.5408576740431907,Neutral,Destabilizing
GRAVITY,CEP128,-0.612331281,-0.5915035012538302,-0.7696213393400405,Destabilizing,Destabilizing
GRAVITY,RAD51AP1,-0.411428936,-0.08113013057637602,-0.13206164405553078,Neutral,Neutral
GRAVITY,PPRC1,0.029641162,-0.19671336191894864,-0.27644850667133314,Neutral,Neutral
GRAVITY,ZMYM2,-0.442384361,-0.6104290614548656,-0.7932631966313888,Neutral,Destabilizing
GRAVITY,SPDL1,-0.404750352,-0.4203468635759604,-0.5558120380848086,Neutral,Destabilizing
GRAVITY,TOP2A,-0.922681399,-0.7004798690859803,-0.9057548914806115,Destabilizing,Destabilizing
GRAVITY,CALM3,0.179864551,0.6338740928941708,0.7611234260000002,Neutral,Cooperative
GRAVITY,PLK4,-0.63753528,-0.06092139270646429,-0.10681683800045916,Destabilizing,Neutral
GRAVITY,CENPK,0.119166048,-0.25778390702396065,-0.3527379848553688,Neutral,Neutral
GRAVITY,MGME1,-0.541825818,-0.13103135033457844,-0.19439837299014306,Destabilizing,Neutral
GRAVITY,UBE2T,-0.850790645,-0.2571762542342875,-0.3519789034657803,Destabilizing,Neutral
GRAVITY,NCAPH,-0.748687519,-0.03362962862560294,-0.07272389782986555,Destabilizing,Neutral
GRAVITY,CEP152,-0.435256254,-0.3057715748620035,-0.41268429992981326,Neutral,Neutral
GRAVITY,ANKRD36,-0.178980961,-0.3232674374302211,-0.43454017535083317,Neutral,Neutral
GRAVITY,RNF5,-0.491777153,0.604296668252366,0.7241752329214723,Neutral,Cooperative
GRAVITY,LSM5,-0.717420678,-0.004876687885702768,-0.036805652110400544,Destabilizing,Neutral
GRAVITY,MXD4,0.030629541,-0.323189131454067,-0.43444235532893527,Neutral,Neutral
GRAVITY,CDCA4,-0.319298531,-0.44728988609614323,-0.5894693294227367,Neutral,Destabilizing
GRAVITY,CEP85,-0.768122415,-0.050382560797989535,-0.09365170273624457,Destabilizing,Neutral
GRAVITY,PTTG1,-0.809562718,-0.11963240680207685,-0.18015878412699304,Destabilizing,Neutral
GRAVITY,UBE2C,-0.827161403,-0.36694855151248695,-0.4891067326675109,Destabilizing,Neutral
GRAVITY,CDKN3,-0.019469061,0.15222772399850293,0.15944957342339316,Neutral,Neutral
GRAVITY,ESPL1,-0.570529807,-0.20921384566656562,-0.2920641423352017,Destabilizing,Neutral
GRAVITY,SOAT1,-0.57218689,-0.04873389173203232,-0.09159218120219315,Destabilizing,Neutral
GRAVITY,CNIH4,-0.206857747,0.41898009609340625,0.49267730598220627,Neutral,Neutral
GRAVITY,HJURP,-0.306191743,-0.19739028726516192,-0.27729412351237104,Neutral,Neutral
GRAVITY,LRRC41,0.462816369,0.23719573300978036,0.26559182348290356,Neutral,Neutral
GRAVITY,PPIH,-0.537746172,-0.22001082408784686,-0.3055517548709582,Destabilizing,Neutral
GRAVITY,SKA2,-0.324132671,-0.4400721566359606,-0.5804529236702739,Neutral,Destabilizing
GRAVITY,SUN2,-0.301364946,0.3673896884077275,0.4282304392500622,Neutral,Neutral
GRAVITY,ASF1B,-0.603378727,-0.19739312527829575,-0.277297668765499,Destabilizing,Neutral
GRAVITY,NCAPG,-0.68162806,-0.3778933095874645,-0.502778951917475,Destabilizing,Destabilizing
GRAVITY,MIR100HG,0.129961412,-0.7154458672980746,-0.924450454,Neutral,Destabilizing
GRAVITY,G0S2,0.720865792,0.5714880701839605,0.6831906498907405,Cooperative,Cooperative
GRAVITY,MIS18A,-0.665150243,0.31051612686761404,0.3571838434664132,Destabilizing,Neutral
GRAVITY,CEBPG,-0.092805786,0.25085647413633355,0.28265685557586906,Neutral,Neutral
GRAVITY,ODF2,-0.612069372,-0.13385729992886553,-0.197928556314229,Destabilizing,Neutral
GRAVITY,CENPO,-0.258726666,-0.534768075895825,-0.6987473036216938,Neutral,Destabilizing
GRAVITY,NUCKS1,-0.512985867,-0.675518204354489,-0.8745727172639607,Destabilizing,Destabilizing
GRAVITY,ANKRD36C,-0.408704016,-0.3093764002385128,-0.41718745683541436,Neutral,Neutral
GRAVITY,SYNPO,0.086468218,0.5922073215398121,0.709073190673434,Neutral,Cooperative
GRAVITY,SEPHS1,0.361534747,0.29584990431407376,0.3388627614518911,Neutral,Neutral
GRAVITY,H2AFZ,-0.924450454,-0.08493031272647313,-0.13680884113288905,Destabilizing,Neutral
GRAVITY,KATNAL1,-0.490629153,-0.20858898496786885,-0.29128356478248263,Neutral,Neutral
GRAVITY,CPEB2,0.002803627,-0.20275443970119258,-0.28399503619524824,Neutral,Neutral
GRAVITY,FBXL20,-0.45569417,-0.2810589138694854,-0.3818131818086904,Neutral,Neutral
GRAVITY,VRK1,-0.419361152,-0.3497732847083133,-0.4676513462793769,Neutral,Neutral
GRAVITY,ENAH,0.431492289,-0.4892031954288896,-0.6418275406105205,Neutral,Destabilizing
GRAVITY,PTX3,0.761123426,0.5049075836126129,0.6000181390013553,Cooperative,Cooperative
GRAVITY,PPP2R5C,0.721099559,-0.42459839585646764,-0.5611230628776078,Cooperative,Destabilizing
GRAVITY,CDCA2,-0.686195709,-0.6157637322234981,-0.7999272807413765,Destabilizing,Destabilizing
GRAVITY,TSPYL4,-0.165205462,0.5721504055112092,0.6840180408434784,Neutral,Cooperative
GRAVITY,NUP85,-0.130682921,-0.28794334964646434,-0.3904132362557913,Neutral,Neutral
GRAVITY,GEN1,-0.765315761,-0.4775982987992751,-0.6273306746216772,Destabilizing,Destabilizing
GRAVITY,FANCI,-0.5890366,-0.5468703767486168,-0.7138655282142221,Destabilizing,Destabilizing
GRAVITY,GNL3,-0.655318141,-0.21819553362420294,-0.30328408946882823,Destabilizing,Neutral
GRAVITY,FANCG,-0.042142238,0.5143680435532342,0.611836169297465,Neutral,Cooperative
GRAVITY,ADD2,-0.356639848,-0.46504714224721105,-0.6116517383633446,Neutral,Destabilizing
GRAVITY,BRIP1,-0.534588512,-0.449597630111018,-0.5923521690367339,Destabilizing,Destabilizing
GRAVITY,SQSTM1,0.667178488,-0.34402133261493356,-0.4604659932914682,Cooperative,Neutral
GRAVITY,KIF20A,-0.111077264,0.27352044930315095,0.31096875022294235,Neutral,Neutral
GRAVITY,TNS2,-0.060927866,0.5448066492427318,0.6498601519016556,Neutral,Cooperative
GRAVITY,RGS3,-0.128234277,-0.04644719291680558,-0.0887356313044031,Neutral,Neutral
GRAVITY,SLC35F3,0.019807002,-0.278936849843816,-0.37916229410311886,Neutral,Neutral
GRAVITY,ZHX2,-0.076250405,-0.29824069659082686,-0.4032767078969003,Neutral,Neutral
GRAVITY,CENPP,-0.449175347,-0.28513847537875875,-0.3869093802825535,Neutral,Neutral
GRAVITY,PDE4B,-0.142517745,-0.315284221740275,-0.42456752227938366,Neutral,Neutral
GRAVITY,KIF23,-0.496856437,-0.3237661531554168,-0.43516317228613033,Neutral,Neutral
GRAVITY,RHEB,-0.660759854,-0.5846101393463307,-0.7610101343482958,Destabilizing,Destabilizing
GRAVITY,CENPW,-0.065649067,0.07789006999132161,0.06658678950879837,Neutral,Neutral
GRAVITY,NEDD1,-0.737209919,-0.38240202700781606,-0.5084112530322994,Destabilizing,Destabilizing
GRAVITY,IRS1,0.61275691,-0.2821231986005374,-0.38314268896523507,Cooperative,Neutral
GRAVITY,NEMP1,-0.466625908,-0.29536630041885814,-0.3996860049864118,Neutral,Neutral
GRAVITY,BTG3,-0.318635995,-0.2315744548864231,-0.3199970714801237,Neutral,Neutral
GRAVITY,ARHGAP11A,-0.581656822,-0.2669775761070997,-0.3642227393428773,Destabilizing,Neutral
GRAVITY,CAMKK2,0.524532356,-0.24024831977431776,-0.33083248526263476,Cooperative,Neutral
GRAVITY,TTK,-0.856665692,-0.6154536071843297,-0.7995398717642783,Destabilizing,Destabilizing
GRAVITY,HERPUD1,0.130659543,0.5733362500690593,0.6854994008406783,Neutral,Cooperative
GRAVITY,GRINA,0.359422907,0.44676593585805624,0.5273874467367288,Neutral,Cooperative
GRAVITY,LIF,0.465595777,0.4838543109081457,0.5737183379118413,Neutral,Cooperative
GRAVITY,ZNF512B,0.204238892,0.43916708406420496,0.5178949420087307,Neutral,Cooperative
GRAVITY,SYNE2,-0.531402444,-0.634385875769223,-0.8231901091855747,Destabilizing,Destabilizing
GRAVITY,ZNF462,-0.093667752,-0.4981980912270761,-0.6530639870117022,Neutral,Destabilizing
GRAVITY,DENND5A,0.718964773,-0.17553569219825957,-0.24999330851701662,Cooperative,Neutral
GRAVITY,CCDC85C,0.268461982,-0.2852777645596411,-0.3870833806768176,Neutral,Neutral
GRAVITY,CCDC14,-0.425627931,-0.3633402736488194,-0.4845992629062885,Neutral,Neutral
CellDancer,CDK1,-0.846030818,0.9877894716332821,0.7510305004250786,Destabilizing,Cooperative
CellDancer,RTKN2,-0.724452429,0.6546554930161173,0.4701343435141878,Destabilizing,Neutral
CellDancer,MELK,-0.422408521,-0.0778715447897011,-0.14752714693808378,Neutral,Neutral
CellDancer,AURKB,-0.797834383,-0.9650215553976406,-0.8955656076728311,Destabilizing,Destabilizing
CellDancer,STIL,-0.865906607,0.9782526852795091,0.7429891512742806,Destabilizing,Cooperative
CellDancer,KIF15,-0.743049419,0.2061309439807898,0.09194169373648586,Destabilizing,Neutral
CellDancer,HIST1H4C,-0.662274839,-0.889456123018771,-0.8318493826313529,Destabilizing,Destabilizing
CellDancer,ILF2,0.51317901,0.8335640894163171,0.6209887756431005,Cooperative,Cooperative
CellDancer,KLF6,-0.168814097,-0.995693409897877,-0.9214278931419079,Neutral,Destabilizing
CellDancer,H1FX,-0.662030653,-0.9842257521362576,-0.9117584472109359,Destabilizing,Destabilizing
CellDancer,STMN1,-0.815884385,0.9867526397117438,0.7501562512616291,Destabilizing,Cooperative
CellDancer,CKAP2L,-0.680665514,-0.6590263429702434,-0.6375526617680727,Destabilizing,Destabilizing
CellDancer,KIF18B,-0.781921456,0.4526830886834589,0.29983267565492144,Destabilizing,Neutral
CellDancer,USP13,0.24493054,0.9268143379645456,0.6996167095359811,Neutral,Cooperative
CellDancer,CEP128,-0.612331281,0.2232386829674555,0.10636681528889103,Destabilizing,Neutral
CellDancer,RAD51AP1,-0.411428936,0.13538548453699104,0.032289634948765134,Neutral,Neutral
CellDancer,PPRC1,0.029641162,-0.9992780717008086,-0.924450454,Neutral,Destabilizing
CellDancer,ZMYM2,-0.442384361,0.4545087923508862,0.3013720957584103,Neutral,Neutral
CellDancer,SPDL1,-0.404750352,0.9783830239332145,0.7430990518826628,Neutral,Cooperative
CellDancer,TOP2A,-0.922681399,-0.9869582708612686,-0.9140624872002782,Destabilizing,Destabilizing
CellDancer,CALM3,0.179864551,0.9126326203646685,0.6876587880152261,Neutral,Cooperative
CellDancer,PLK4,-0.63753528,0.628507464288772,0.4480865151575746,Destabilizing,Neutral
CellDancer,CENPK,0.119166048,0.46432795055241605,0.30965153880519547,Neutral,Neutral
CellDancer,MGME1,-0.541825818,0.8956555667349548,0.6733438594088679,Destabilizing,Cooperative
CellDancer,UBE2T,-0.850790645,-0.9717471932180382,-0.9012366167496184,Destabilizing,Destabilizing
CellDancer,NCAPH,-0.748687519,0.6233977477993128,0.4437780392382127,Destabilizing,Neutral
CellDancer,CEP152,-0.435256254,0.9852108337847061,0.7488562116757391,Neutral,Cooperative
CellDancer,ANKRD36,-0.178980961,-0.11773358150128203,-0.18113852745652537,Neutral,Neutral
CellDancer,RNF5,-0.491777153,0.7510833576955402,0.5514416203041685,Neutral,Cooperative
CellDancer,LSM5,-0.717420678,0.19402910182885838,0.08173750812284619,Destabilizing,Neutral
CellDancer,MXD4,0.030629541,-0.0793639823889702,-0.14878555950771777,Neutral,Neutral
CellDancer,CDCA4,-0.319298531,-0.9944506536181,-0.9203800100517011,Neutral,Destabilizing
CellDancer,CEP85,-0.768122415,0.9973347854060232,0.7590790398337615,Destabilizing,Cooperative
CellDancer,PTTG1,-0.809562718,0.9857081499948004,0.7492755451005819,Destabilizing,Cooperative
CellDancer,UBE2C,-0.827161403,0.9997593628900258,0.7611234260000002,Destabilizing,Cooperative
CellDancer,CDKN3,-0.019469061,-0.7284042783975393,-0.696051634214035,Neutral,Destabilizing
CellDancer,ESPL1,-0.570529807,-0.9949926472221705,-0.920837015131416,Destabilizing,Destabilizing
CellDancer,SOAT1,-0.57218689,-0.993290882025323,-0.9194020990482731,Destabilizing,Destabilizing
CellDancer,CNIH4,-0.206857747,-0.9062158978752104,-0.8459811033504685,Neutral,Destabilizing
CellDancer,HJURP,-0.306191743,-0.997906882098079,-0.923294276862496,Neutral,Destabilizing
CellDancer,LRRC41,0.462816369,-0.8245733420848675,-0.7771406918827304,Neutral,Destabilizing
CellDancer,PPIH,-0.537746172,-0.9565511850714485,-0.8884234527893341,Destabilizing,Destabilizing
CellDancer,SKA2,-0.324132671,0.995749585770383,0.7577424109872049,Neutral,Cooperative
CellDancer,SUN2,-0.301364946,-0.9809597363862822,-0.9090045663958155,Neutral,Destabilizing
CellDancer,ASF1B,-0.603378727,-0.9860005806238243,-0.9132549697314032,Destabilizing,Destabilizing
CellDancer,NCAPG,-0.68162806,-0.9919296406299813,-0.9182543101671548,Destabilizing,Destabilizing
CellDancer,MIR100HG,0.129961412,-0.9798108826294439,-0.9080358612325414,Neutral,Destabilizing
CellDancer,G0S2,0.720865792,-0.9907753088406842,-0.9172809859666046,Cooperative,Destabilizing
CellDancer,MIS18A,-0.665150243,-0.953437469189759,-0.885797990119601,Destabilizing,Destabilizing
CellDancer,CEBPG,-0.092805786,0.957683179326295,0.7256450928993365,Neutral,Cooperative
CellDancer,ODF2,-0.612069372,0.9704510126267049,0.7364108374236604,Destabilizing,Cooperative
CellDancer,CENPO,-0.258726666,0.9793859681643556,0.7439447271911166,Neutral,Cooperative
CellDancer,NUCKS1,-0.512985867,-0.9696131437335747,-0.8994372016874511,Destabilizing,Destabilizing
CellDancer,ANKRD36C,-0.408704016,0.2471599543393696,0.12653705797828985,Neutral,Neutral
CellDancer,SYNPO,0.086468218,0.9453127398409319,0.7152144279603796,Neutral,Cooperative
CellDancer,SEPHS1,0.361534747,-0.9205745631614686,-0.8580882258782332,Neutral,Destabilizing
CellDancer,H2AFZ,-0.924450454,-0.785595074551722,-0.7442744991318327,Destabilizing,Destabilizing
CellDancer,KATNAL1,-0.490629153,-0.981020846254522,-0.9090560937939187,Neutral,Destabilizing
CellDancer,CPEB2,0.002803627,0.014250290217395736,-0.0698506831667014,Neutral,Neutral
CellDancer,FBXL20,-0.45569417,-0.5390310564623397,-0.5363735056597541,Neutral,Destabilizing
CellDancer,VRK1,-0.419361152,0.6991020924098512,0.5076113940668887,Neutral,Cooperative
CellDancer,ENAH,0.431492289,-0.7221304467780997,-0.690761584852148,Neutral,Destabilizing
CellDancer,PTX3,0.761123426,-0.8382253123800606,-0.7886519343146778,Cooperative,Destabilizing
CellDancer,PPP2R5C,0.721099559,0.9459055967733307,0.7157143206299899,Cooperative,Cooperative
CellDancer,CDCA2,-0.686195709,-0.825490887861789,-0.7779143598333758,Destabilizing,Destabilizing
CellDancer,TSPYL4,-0.165205462,-0.8458728668989774,-0.7951002968715304,Neutral,Destabilizing
CellDancer,NUP85,-0.130682921,0.7440018133846676,0.5454705134534794,Neutral,Cooperative
CellDancer,GEN1,-0.765315761,0.6199310523709197,0.4408549467723575,Destabilizing,Neutral
CellDancer,FANCI,-0.5890366,0.3046636457836624,0.17502375393749725,Destabilizing,Neutral
CellDancer,GNL3,-0.655318141,-0.8831305795979647,-0.8265157302532526,Destabilizing,Destabilizing
CellDancer,FANCG,-0.042142238,-0.7125593479811169,-0.6826913036978606,Neutral,Destabilizing
CellDancer,ADD2,-0.356639848,-0.9442675060103499,-0.8780659436114588,Neutral,Destabilizing
CellDancer,BRIP1,-0.534588512,0.5029328519795915,0.34220291196091646,Destabilizing,Neutral
CellDancer,SQSTM1,0.667178488,-0.9947605973922155,-0.9206413523962103,Cooperative,Destabilizing
CellDancer,KIF20A,-0.111077264,0.9570712124024574,0.7251290868234144,Neutral,Cooperative
CellDancer,TNS2,-0.060927866,-0.9752804905302466,-0.9042158674413153,Neutral,Destabilizing
CellDancer,RGS3,-0.128234277,0.9615303512032881,0.7288890003497528,Neutral,Cooperative
CellDancer,SLC35F3,0.019807002,-0.985132644313649,-0.9125231321236525,Neutral,Destabilizing
CellDancer,ZHX2,-0.076250405,-0.9521949816436859,-0.8847503336237061,Neutral,Destabilizing
CellDancer,CENPP,-0.449175347,-0.9889802583453026,-0.9157674123956746,Neutral,Destabilizing
CellDancer,PDE4B,-0.142517745,-0.9571461117615772,-0.8889250906636648,Neutral,Destabilizing
CellDancer,KIF23,-0.496856437,-0.9484774498053989,-0.8816157377145668,Neutral,Destabilizing
CellDancer,RHEB,-0.660759854,-0.9969288110933137,-0.9224695744782931,Destabilizing,Destabilizing
CellDancer,CENPW,-0.065649067,-0.4466321681350848,-0.45846343253631794,Neutral,Neutral
CellDancer,NEDD1,-0.737209919,-0.9872568477261466,-0.914314245049282,Destabilizing,Destabilizing
CellDancer,IRS1,0.61275691,-0.8908428146999654,-0.8330186310090918,Cooperative,Destabilizing
CellDancer,NEMP1,-0.466625908,-0.9903834765136393,-0.9169505957876225,Neutral,Destabilizing
CellDancer,BTG3,-0.318635995,-0.7633689310077482,-0.7255335759442083,Neutral,Destabilizing
CellDancer,ARHGAP11A,-0.581656822,-0.9991949552472557,-0.9243803708086186,Destabilizing,Destabilizing
CellDancer,CAMKK2,0.524532356,-0.9793779007087374,-0.90767077401435,Cooperative,Destabilizing
CellDancer,TTK,-0.856665692,-0.9901817606296253,-0.9167805104158371,Destabilizing,Destabilizing
CellDancer,HERPUD1,0.130659543,-0.9842091460817115,-0.9117444451060687,Neutral,Destabilizing
CellDancer,GRINA,0.359422907,0.9802611332538944,0.7446826600532472,Neutral,Cooperative
CellDancer,LIF,0.465595777,-0.9820586621034455,-0.9099311725978099,Neutral,Destabilizing
CellDancer,ZNF512B,0.204238892,-0.84188560249153,-0.791738264414533,Neutral,Destabilizing
CellDancer,SYNE2,-0.531402444,0.698761930802875,0.5073245722646669,Destabilizing,Cooperative
CellDancer,ZNF462,-0.093667752,-0.6986456162550579,-0.670959345924107,Neutral,Destabilizing
CellDancer,DENND5A,0.718964773,-0.835480054799559,-0.7863371530146905,Cooperative,Destabilizing
CellDancer,CCDC85C,0.268461982,-0.6944386819168947,-0.6674120893732389,Neutral,Destabilizing
CellDancer,CCDC14,-0.425627931,-0.6722240136416181,-0.648680842049031,Neutral,Destabilizing
